{"cameraMode":{"drawMode":0,"name":"Shaded","section":"Shading Mode"},"sceneLighting":true,"audioPlay":false,"sceneViewState":{"m_AlwaysRefresh":false,"showFog":true,"showSkybox":true,"showFlares":true,"showImageEffects":true,"showParticleSystems":true,"showVisualEffectGraphs":true,"m_FxEnabled":true},"in2DMode":false,"pivot":{"x":6.9645538330078129,"y":3.611664295196533,"z":-1.8425827026367188},"rotation":{"x":0.022192545235157014,"y":0.16421078145503999,"z":-0.003695372026413679,"w":0.9861692190170288},"size":29.422237396240236,"orthographic":false}